ISTASYON,PROJE_ADI,HAT_TURU,lat,lon
Mehmet Akif,T1 Kabataş - Bağcılar Tramvay Hattı,Tramvay,41.0058001386,28.881680707
Soğanlık,M4 Kadıköy - SGH Metro Hattı,Metro,40.9132883838,29.1923983239
Aksaray,M1A Yenikapı - Atatürk Havalimanı Metro Hattı,Metro,41.0120083811,28.9480900733
Olimpiyat,M9 Bahariye - Olimpiyat Metro Hattı,Metro,41.0794660403,28.7672340276
Sağmalcılar-Pancar Motor,T4 Topkapı - Mescid-i Selam Tramvay Hattı,Tramvay,41.0572800041,28.906939745
Karadeniz,T4 Topkapı - Mescid-i Selam Tramvay Hattı,Tramvay,41.0752974339,28.8822397351
Bakırköy,Halkalı - Gebze Marmaray Yüzeysel Raylı Sistem Hattı,Banliyö,40.980241915,28.8723322859
Erenköy,Halkalı - Gebze Marmaray Yüzeysel Raylı Sistem Hattı,Banliyö,40.9714092752,29.0764726676
Pendik,M4 Kadıköy - SGH Metro Hattı,Metro,40.8887242519,29.2385281454
Yakacık - Adnan Kahveci,M4 Kadıköy - SGH Metro Hattı,Metro,40.8967288368,29.2271981056
Güzelyalı,Halkalı - Gebze Marmaray Yüzeysel Raylı Sistem Hattı,Banliyö,40.8568547122,29.2834955975
Çarşı,M5 Üsküdar - Çekmeköy Metro Hattı,Metro,41.0259432808,29.0973186221
İdealtepe,Halkalı - Gebze Marmaray Yüzeysel Raylı Sistem Hattı,Banliyö,40.9378068715,29.114255858
Üsküdar,M5 Üsküdar - Çekmeköy Metro Hattı,Metro,41.0252969925,29.0128155731
Göztepe Mah.,M7 Yıldız - Mahmutbey Metro Hattı,Metro,41.0568370074,28.848131392
Altıyol,T3 Kadıköy - Moda Nostaljik Tramvay Hattı,Tramvay,40.9897914366,29.0289380334
Güngören,T1 Kabataş - Bağcılar Tramvay Hattı,Tramvay,41.0152086456,28.8775129878
Üniversite,T5 Eminönü - Alibeyköy Cep Otogarı Tramvay Hattı,Tramvay,41.0698014663,28.9428477215
Alibeyköy Merkez,T5 Eminönü - Alibeyköy Cep Otogarı Tramvay Hattı,Tramvay,41.0737690827,28.9460604337
Alibeyköy Metro,T5 Eminönü - Alibeyköy Cep Otogarı Tramvay Hattı,Tramvay,41.0784579664,28.9494471692
Alibeyköy Cep Otogarı,T5 Eminönü - Eyüp - Alibeyköy Tramvay Hattı,Tramvay,41.0868880935,28.9439170961
Cibali,T5 Eminönü - Alibeyköy Cep Otogarı Tramvay Hattı,Tramvay,41.0242383795,28.9603097439
Fetihkapı,T4 Topkapı - Mescid-i Selam Tramvay Hattı,Tramvay,41.0218231939,28.9253384078
Sanayi Mah.,M2 Yenikapı Seyrantepe - Hacıosman Metro Hattı,Metro,41.0943417237,29.0051660767
Tophane,T1 Kabataş - Bağcılar Tramvay Hattı,Tramvay,41.0269906403,28.9808666
Kirazlı,M3 Kirazlı - Kayaşehir Merkez Metro Hattı,Metro,41.0327712121,28.8424316868
Gülhane,T1 Kabataş - Bağcılar Tramvay Hattı,Tramvay,41.0121629659,28.9784244836
Siteler,M3 Kirazlı - Kayaşehir Merkez Metro Hattı,Metro,41.0882009753,28.7965144472
Bahariye,T3 Kadıköy - Moda Nostaljik Tramvay Hattı,Tramvay,40.9878694508,29.0285260083
Levent,M2 Yenikapı Seyrantepe - Hacıosman Metro Hattı,Metro,41.0767715513,29.0136915989
Topkapı,T1 Kabataş - Bağcılar Tramvay Hattı,Tramvay,41.0192277354,28.9194509655
Merkezefendi,T1 Kabataş - Bağcılar Tramvay Hattı,Tramvay,41.0103904554,28.9095053582
Yavuz Selim Camii,T1 Kabataş - Bağcılar Tramvay Hattı,Tramvay,41.0238202101,28.8636557132
Yeşilyurt,Halkalı - Gebze Marmaray Yüzeysel Raylı Sistem Hattı,Banliyö,40.9654691979,28.8372751097
Tersane,Halkalı - Gebze Marmaray Yüzeysel Raylı Sistem Hattı,Banliyö,40.8609774864,29.2733636214
Halkalı,Halkalı - Gebze Marmaray Yüzeysel Raylı Sistem Hattı,Banliyö,41.0178236153,28.7663997635
Mahmutbey,M7 Yıldız - Mahmutbey Metro Hattı,Metro,41.0549034307,28.8315007416
Ünalan,M4 Kadıköy - SGH Metro Hattı,Metro,40.9981735143,29.0598854733
Fener,T5 Eminönü - Alibeyköy Cep Otogarı Tramvay Hattı,Tramvay,41.0286247834,28.9544622861
Yenimahalle,T4 Topkapı - Mescid-i Selam Tramvay Hattı,Tramvay,41.0998271111,28.86297747
Otogar,M1A Yenikapı - Atatürk Havalimanı Metro Hattı,Metro,41.0401423681,28.8945640632
Habibler,T4 Topkapı - Mescid-i Selam Tramvay Hattı,Tramvay,41.1224578381,28.8437966736
Başak Konutları,M3 Kirazlı - Kayaşehir Merkez Metro Hattı,Metro,41.097668849,28.7912865195
4. Levent,M2 Yenikapı Seyrantepe - Hacıosman Metro Hattı,Metro,41.0860061902,29.0070937585
Esenler,M1A Yenikapı - Atatürk Havalimanı Metro Hattı,Metro,41.0370483035,28.8884510108
Mühürdar,T3 Kadıköy - Moda Nostaljik Tramvay Hattı,Tramvay,40.985181343,29.0213268333
Kocatepe,M1A Yenikapı - Atatürk Havalimanı Metro Hattı,Metro,41.0484570927,28.8955204746
Taşköprü,T4 Topkapı - Mescid-i Selam Tramvay Hattı,Tramvay,41.0726561721,28.8876515183
Etiler,M6 Levent - Boğaziçi Ünv./Hisarüstü Metro Hattı,Metro,41.0823435461,29.0375407815
Suadiye,Halkalı - Gebze Marmaray Yüzeysel Raylı Sistem Hattı,Banliyö,40.9604752408,29.0844186912
Bostancı,Halkalı - Gebze Marmaray Yüzeysel Raylı Sistem Hattı,Banliyö,40.9538001485,29.0950591486
Oruc Reis,M7 Yıldız - Mahmutbey Metro Hattı,Metro,41.0628471179,28.8553800128
Çırçır,M7 Yıldız - Mahmutbey Metro Hattı,Metro,41.0802283123,28.9362253204
Mustafa Kemal,Halkalı - Gebze Marmaray Yüzeysel Raylı Sistem Hattı,Banliyö,41.0062619961,28.7739273174
Sirkeci,T1 Kabataş - Bağcılar Tramvay Hattı,Tramvay,41.0151787938,28.9758940742
Pazartekke,T1 Kabataş - Bağcılar Tramvay Hattı,Tramvay,41.0182643876,28.9271565618
Kirazlı,M1B Yenikapı - Kirazlı Metro Hattı,Metro,41.0331712495,28.8427537611
Bayrampaşa,M1A Yenikapı - Atatürk Havalimanı Metro Hattı,Metro,41.034096046,28.9202426412
Eyüpsultan Teleferik,T5 Eminönü - Alibeyköy Cep Otogarı Tramvay Hattı,Tramvay,41.0504706073,28.9351655775
İTÜ Ayazağa,M2 Yenikapı Seyrantepe - Hacıosman Metro Hattı,Metro,41.1080929067,29.0207987305
Yenikapı,M1A Yenikapı - Atatürk Havalimanı Metro Hattı,Metro,41.005588975,28.9504763048
Damga Sk.,T3 Kadıköy - Moda Nostaljik Tramvay Hattı,Tramvay,40.9884331596,29.020752372
Gayrettepe,M2 Yenikapı Seyrantepe - Hacıosman Metro Hattı,Metro,41.0689993628,29.0109240486
Edirnekapı,T4 Topkapı - Mescid-i Selam Tramvay Hattı,Tramvay,41.0314391067,28.9339749517
Kabataş,T1 Kabataş - Bağcılar Tramvay Hattı,Tramvay,41.0342600076,28.9925196278
Kabataş,F1 Taksim - Kabataş Füniküler Hattı,Füniküler,41.0339800289,28.9920304059
Rami,T4 Topkapı - Mescid-i Selam Tramvay Hattı,Tramvay,41.0466419975,28.915524597
Ali Fuat Başgil,T4 Topkapı - Mescid-i Selam Tramvay Hattı,Tramvay,41.0685637951,28.8954815845
Yenibosna,M1A Yenikapı - Atatürk Havalimanı Metro Hattı,Metro,40.9893132336,28.8367082249
Mahmutbey,M3 Kirazlı - Kayaşehir Merkez Metro Hattı,Metro,41.0548941972,28.8305389157
Aksaray,T1 Kabataş - Bağcılar Tramvay Hattı,Tramvay,41.0095921116,28.9538638023
Uluyol-Bereç,T4 Topkapı - Mescid-i Selam Tramvay Hattı,Tramvay,41.0541363716,28.9102501142
Hacı Şükrü,T4 Topkapı - Mescid-i Selam Tramvay Hattı,Tramvay,41.0928320034,28.864009196
Cebeci,T4 Topkapı - Mescid-i Selam Tramvay Hattı,Tramvay,41.111919952,28.8578112
Üniversite-Laleli,T1 Kabataş - Bağcılar Tramvay Hattı,Tramvay,41.0095852413,28.9597904528
Yunus,Halkalı - Gebze Marmaray Yüzeysel Raylı Sistem Hattı,Banliyö,40.8845046267,29.2105353314
Pendik,Halkalı - Gebze Marmaray Yüzeysel Raylı Sistem Hattı,Banliyö,40.8802067715,29.2316720558
Karadeniz Mah.,M7 Yıldız - Mahmutbey Metro Hattı,Metro,41.0811903035,28.8750662124
Çakmak,M5 Üsküdar - Çekmeköy Metro Hattı,Metro,41.0215409985,29.1183812217
Kağıthane,M7 Yıldız - Mahmutbey Metro Hattı,Metro,41.0795639497,28.9733006431
İçmeler,Halkalı - Gebze Marmaray Yüzeysel Raylı Sistem Hattı,Banliyö,40.8456508905,29.3000611747
Mecidiyeköy,M7 Yıldız - Mahmutbey Metro Hattı,Metro,41.0652301997,28.9953910663
Zeytinburnu,Halkalı - Gebze Marmaray Yüzeysel Raylı Sistem Hattı,Banliyö,40.985877775,28.9054442225
Bahariye,M9 Bahariye - Olimpiyat Metro Hattı,Metro,41.058395086,28.7993743238
Küçükçekmece,Halkalı - Gebze Marmaray Yüzeysel Raylı Sistem Hattı,Banliyö,40.9885240376,28.7729423261
Florya Akvaryum,Halkalı - Gebze Marmaray Yüzeysel Raylı Sistem Hattı,Banliyö,40.9677662609,28.7970279467
Süreyya Plajı,Halkalı - Gebze Marmaray Yüzeysel Raylı Sistem Hattı,Banliyö,40.9268299859,29.1242047148
Çarşı,T3 Kadıköy - Moda Nostaljik Tramvay Hattı,Tramvay,40.9910897361,29.025473107
Darüşşafaka,M2 Yenikapı Seyrantepe - Hacıosman Metro Hattı,Metro,41.1295804129,29.0251285208
Atatürk Oto Sanayi,M2 Yenikapı Seyrantepe - Hacıosman Metro Hattı,Metro,41.118255545,29.0241937825
Maltepe,M4 Kadıköy - SGH Metro Hattı,Metro,40.9358193379,29.1395599592
Kilise,T3 Kadıköy - Moda Nostaljik Tramvay Hattı,Tramvay,40.9848860823,29.0275960507
Moda İlkokulu,T3 Kadıköy - Moda Nostaljik Tramvay Hattı,Tramvay,40.9840909558,29.0267349436
Çemberlitaş,T1 Kabataş - Bağcılar Tramvay Hattı,Tramvay,41.0084351413,28.9711299487
Çapa,T1 Kabataş - Bağcılar Tramvay Hattı,Tramvay,41.0158815142,28.9320311155
Demirkapı,T4 Topkapı - Mescid-i Selam Tramvay Hattı,Tramvay,41.0370058895,28.9233777611
Haseki,T1 Kabataş - Bağcılar Tramvay Hattı,Tramvay,41.0107080395,28.9442967061
Davutpaşa - YTÜ,M1A Yenikapı - Atatürk Havalimanı Metro Hattı,Metro,41.0206505824,28.900212216
Yenisahra,M4 Kadıköy - SGH Metro Hattı,Metro,40.9847287608,29.0903877924
Taksim,F1 Taksim - Kabataş Füniküler Hattı,Füniküler,41.0366106262,28.986995331
Sultanahmet,T1 Kabataş - Bağcılar Tramvay Hattı,Tramvay,41.008087187,28.975587398
Vatan,T4 Topkapı - Mescid-i Selam Tramvay Hattı,Tramvay,41.0256928527,28.9293599063
Bakırköy,M1A Yenikapı - Atatürk Havalimanı Metro Hattı,Metro,40.9966103583,28.8754036789
Hacıosman,M2 Yenikapı Seyrantepe - Hacıosman Metro Hattı,Metro,41.1397726671,29.0304364747
Vezneciler - İstanbul Ünv.,M2 Yenikapı Seyrantepe - Hacıosman Metro Hattı,Metro,41.0122648278,28.9598347809
Yeni Mahalle,M3 Kirazlı - Kayaşehir Merkez Metro Hattı,Metro,41.0403554341,28.8359418382
Bağcılar,T1 Kabataş - Bağcılar Tramvay Hattı,Tramvay,41.0330845374,28.8606511837
Mescid-i Selam,T4 Topkapı - Mescid-i Selam Tramvay Hattı,Tramvay,41.11621368,28.8512631642
Haliç,M2 Yenikapı Seyrantepe - Hacıosman Metro Hattı,Metro,41.022434782,28.9664222621
Bostancı,M4 Kadıköy - SGH Metro Hattı,Metro,40.9645784145,29.1053503103
Ümraniye,M5 Üsküdar - Çekmeköy Metro Hattı,Metro,41.0246243207,29.0847807184
Tavşantepe,M4 Kadıköy - SGH Metro Hattı,Metro,40.882088389,29.2488374197
Kazım Karabekir,M7 Yıldız - Mahmutbey Metro Hattı,Metro,41.0853738983,28.9083979482
Ataköy,Halkalı - Gebze Marmaray Yüzeysel Raylı Sistem Hattı,Banliyö,40.9802159969,28.8562244497
Fıstık Ağacı,M5 Üsküdar - Çekmeköy Metro Hattı,Metro,41.0282537069,29.028844655
Veysel Karani  - Akşemsettin,M7 Yıldız - Mahmutbey Metro Hattı,Metro,41.0796856699,28.9281017456
Üsküdar,Halkalı - Gebze Marmaray Yüzeysel Raylı Sistem Hattı,Banliyö,41.0256996122,29.0135223765
Bağlarbaşı,M5 Üsküdar - Çekmeköy Metro Hattı,Metro,41.0219145673,29.0364140056
Yeşilköy,Halkalı - Gebze Marmaray Yüzeysel Raylı Sistem Hattı,Banliyö,40.962652581,28.8248930566
Maltepe,Halkalı - Gebze Marmaray Yüzeysel Raylı Sistem Hattı,Banliyö,40.9206463836,29.1335259971
Yenimahalle,M7 Yıldız - Mahmutbey Metro Hattı,Metro,41.0838545405,28.8926872572
Küçükyalı,Halkalı - Gebze Marmaray Yüzeysel Raylı Sistem Hattı,Banliyö,40.9462573976,29.1068216034
Florya,Halkalı - Gebze Marmaray Yüzeysel Raylı Sistem Hattı,Banliyö,40.9729608799,28.7874733117
Ayrılık Çeşmesi,Halkalı - Gebze Marmaray Yüzeysel Raylı Sistem Hattı,Banliyö,41.0000768042,29.0301236137
Fındıklı,T1 Kabataş - Bağcılar Tramvay Hattı,Tramvay,41.0314532963,28.9894418022
Karaköy,T1 Kabataş - Bağcılar Tramvay Hattı,Tramvay,41.0221147392,28.9746879491
Seyitnizam,T1 Kabataş - Bağcılar Tramvay Hattı,Tramvay,41.0078444838,28.9093460025
Soğanlı,T1 Kabataş - Bağcılar Tramvay Hattı,Tramvay,41.0209671886,28.8670836783
Kozyatağı,M4 Kadıköy - SGH Metro Hattı,Metro,40.9752225,29.0996930943
Moda,T3 Kadıköy - Moda Nostaljik Tramvay Hattı,Tramvay,40.984062436,29.0244084241
Yusufpaşa,T1 Kabataş - Bağcılar Tramvay Hattı,Tramvay,41.0099969873,28.94712091
Şehitlik,T4 Topkapı - Mescid-i Selam Tramvay Hattı,Tramvay,41.0341805312,28.9282569721
Ataköy - Şirinevler,M1A Yenikapı - Atatürk Havalimanı Metro Hattı,Metro,40.9913483432,28.8460862329
Huzurevi,M4 Kadıköy - SGH Metro Hattı,Metro,40.9299434238,29.147007915
Merter Tekstil Merkezi,T1 Kabataş - Bağcılar Tramvay Hattı,Tramvay,41.0115575409,28.8807589097
Menderes,M1B Yenikapı - Kirazlı Metro Hattı,Metro,41.0427573125,28.8784918018
İstoç,M3 Kirazlı - Kayaşehir Merkez Metro Hattı,Metro,41.0649978935,28.8259631805
Bağcılar Meydan,M1B Yenikapı - Kirazlı Metro Hattı,Metro,41.034514697,28.8561754626
Kartal,M4 Kadıköy - SGH Metro Hattı,Metro,40.9066447114,29.2113837621
Levent,M6 Levent - Boğaziçi Ünv./Hisarüstü Metro Hattı,Metro,41.0755084748,29.0145271463
Bulgurlu,M5 Üsküdar - Çekmeköy Metro Hattı,Metro,41.0163439849,29.076243829
Sirkeci,Halkalı - Gebze Marmaray Yüzeysel Raylı Sistem Hattı,Banliyö,41.0135844923,28.9771245143
Tekstilkent - Giyimkent,M7 Yıldız - Mahmutbey Metro Hattı,Metro,41.0714904542,28.8669783971
Kısıklı,M5 Üsküdar - Çekmeköy Metro Hattı,Metro,41.0221826659,29.0620828309
Atalar,Halkalı - Gebze Marmaray Yüzeysel Raylı Sistem Hattı,Banliyö,40.8985880196,29.1694542075
Çağlayan,M7 Yıldız - Mahmutbey Metro Hattı,Metro,41.0706569134,28.9804834482
Dudullu,M5 Üsküdar - Çekmeköy Metro Hattı,Metro,41.0152668658,29.1623536613
Havaalanı,M1A Yenikapı - Atatürk Havalimanı Metro Hattı,Metro,40.9795412044,28.821128321
Taksim,M2 Yenikapı Seyrantepe - Hacıosman Metro Hattı,Metro,41.0381565458,28.9856591013
Zeytinburnu,T1 Kabataş - Bağcılar Tramvay Hattı,Tramvay,41.00148356,28.8902959262
Güneştepe,T1 Kabataş - Bağcılar Tramvay Hattı,Tramvay,41.0289932752,28.8609536978
Esenler,M1B Yenikapı - Kirazlı Metro Hattı,Metro,41.0376806403,28.8884262491
Gülsuyu,M4 Kadıköy - SGH Metro Hattı,Metro,40.9238194899,29.1546230461
Fındıkzade,T1 Kabataş - Bağcılar Tramvay Hattı,Tramvay,41.0123552716,28.9391494468
Balat,T5 Eminönü - Alibeyköy Cep Otogarı Tramvay Hattı,Tramvay,41.0340557692,28.9480367019
Metris,T4 Topkapı - Mescid-i Selam Tramvay Hattı,Tramvay,41.0802277875,28.8756232689
Acıbadem,M4 Kadıköy - SGH Metro Hattı,Metro,41.0022997833,29.0445867059
Ayrılık Çeşmesi,M4 Kadıköy - SGH Metro Hattı,Metro,41.0000996226,29.0303161782
Rumeli Hisarüstü,M6 Levent - Boğaziçi Ünv./Hisarüstü Metro Hattı,Metro,41.0853512482,29.0455710525
İkitelli Sanayi,M3 Kirazlı - Kayaşehir Merkez Metro Hattı,Metro,41.0724316434,28.8023325524
Başakşehir - Metrokent,M3 Kirazlı - Kayaşehir Merkez Metro Hattı,Metro,41.1075881712,28.8014808953
Küçükyalı,M4 Kadıköy - SGH Metro Hattı,Metro,40.9490497377,29.121853858
Sultançifliği,T4 Topkapı - Mescid-i Selam Tramvay Hattı,Tramvay,41.1061810067,28.8606058814
Şişhane - Zemin İstanbul,M2 Yenikapı Seyrantepe - Hacıosman Metro Hattı,Metro,41.0282905337,28.9728491187
Kadıköy,M4 Kadıköy - SGH Metro Hattı,Metro,40.9904063985,29.0219549908
Şişli,M2 Yenikapı Seyrantepe - Hacıosman Metro Hattı,Metro,41.0645050502,28.9926737246
Necip Fazıl,M5 Üsküdar - Çekmeköy Metro Hattı,Metro,41.0160785116,29.1792056992
Kartal,Halkalı - Gebze Marmaray Yüzeysel Raylı Sistem Hattı,Banliyö,40.8886128832,29.191190141
Söğütlüçeşme,Halkalı - Gebze Marmaray Yüzeysel Raylı Sistem Hattı,Banliyö,40.9909023378,29.0376279459
Yeşilpınar,M7 Yıldız - Mahmutbey Metro Hattı,Metro,41.0823042034,28.9183127582
İmam Hatip,M5 Üsküdar - Çekmeköy Metro Hattı,Metro,41.0159627424,29.1515186058
Kazlıçeşme,Halkalı - Gebze Marmaray Yüzeysel Raylı Sistem Hattı,Banliyö,40.9926862409,28.9168778133
Altınşehir,M5 Üsküdar - Çekmeköy Metro Hattı,Metro,41.0165423463,29.1405619719
Yenikapı,Halkalı - Gebze Marmaray Yüzeysel Raylı Sistem Hattı,Banliyö,41.0050201028,28.950826891
Altunizade,M5 Üsküdar - Çekmeköy Metro Hattı,Metro,41.021954492,29.0482914336
Ihlamurkuyu,M5 Üsküdar - Çekmeköy Metro Hattı,Metro,41.0197169944,29.1304702884
Çekmeköy,M5 Üsküdar - Çekmeköy Metro Hattı,Metro,41.0145632479,29.189207926
Göztepe,Halkalı - Gebze Marmaray Yüzeysel Raylı Sistem Hattı,Banliyö,40.9791648388,29.0625591735
Tuzla,Halkalı - Gebze Marmaray Yüzeysel Raylı Sistem Hattı,Banliyö,40.829952436,29.3223601331
İDO,T3 Kadıköy - Moda Nostaljik Tramvay Hattı,Tramvay,40.9899103415,29.0207706082
Hastane - Adliye,M4 Kadıköy - SGH Metro Hattı,Metro,40.9161698138,29.178771727
Osmanbey,M2 Yenikapı Seyrantepe - Hacıosman Metro Hattı,Metro,41.0524927818,28.9874152263
Topkapı - Ulubatlı,M1A Yenikapı - Atatürk Havalimanı Metro Hattı,Metro,41.0240232433,28.9305073648
Merter,M1A Yenikapı - Atatürk Havalimanı Metro Hattı,Metro,41.0076440847,28.896181044
Cevizlibağ,T1 Kabataş - Bağcılar Tramvay Hattı,Tramvay,41.0159539922,28.9115778282
Esenkent,M4 Kadıköy - SGH Metro Hattı,Metro,40.9208832243,29.1663490467
Ziya Gökalp Mahallesi,M9 Bahariye - Olimpiyat Metro Hattı,Metro,41.0744821902,28.7865302451
Nispetiye,M6 Levent - Boğaziçi Ünv./Hisarüstü Metro Hattı,Metro,41.0773106797,29.0242490175
Turgut Özal,M3 Kirazlı - Kayaşehir Merkez Metro Hattı,Metro,41.0811835113,28.797408964
Emniyet - Fatih,M1A Yenikapı - Atatürk Havalimanı Metro Hattı,Metro,41.0176097243,28.9396003277
Bosna Çukurçeşme,T4 Topkapı - Mescid-i Selam Tramvay Hattı,Tramvay,41.0618358936,28.9020835612
Göztepe,M4 Kadıköy - SGH Metro Hattı,Metro,40.9940461002,29.0707261384
Akşemsettin,T1 Kabataş - Bağcılar Tramvay Hattı,Tramvay,41.004213274,28.9075169292
Yenikapı,M2 Yenikapı Seyrantepe - Hacıosman Metro Hattı,Metro,41.0055856644,28.9514201471
Üçyüzlü,M1B Yenikapı - Kirazlı Metro Hattı,Metro,41.0367198157,28.8706380252
Beyazıt,T1 Kabataş - Bağcılar Tramvay Hattı,Tramvay,41.0090671307,28.9666983534
Zeytinburnu,M1A Yenikapı - Atatürk Havalimanı Metro Hattı,Metro,41.0016990483,28.8896559931
Cumhuriyet Mah.,T4 Topkapı - Mescid-i Selam Tramvay Hattı,Tramvay,41.0841529031,28.8719867341
Dünya  Ticaret Merkezi,M1A Yenikapı - Atatürk Havalimanı Metro Hattı,Metro,40.9866437703,28.8285542483
Yamanevler,M5 Üsküdar - Çekmeköy Metro Hattı,Metro,41.0241552372,29.108777832
Feneryolu,Halkalı - Gebze Marmaray Yüzeysel Raylı Sistem Hattı,Banliyö,40.978696151,29.0490084627
Kaynarca,Halkalı - Gebze Marmaray Yüzeysel Raylı Sistem Hattı,Banliyö,40.8713029434,29.2560336339
Nurtepe,M7 Yıldız - Mahmutbey Metro Hattı,Metro,41.0797649097,28.9635421453
Aydıntepe,Halkalı - Gebze Marmaray Yüzeysel Raylı Sistem Hattı,Banliyö,40.8522885877,29.2931664015
Cevizli,Halkalı - Gebze Marmaray Yüzeysel Raylı Sistem Hattı,Banliyö,40.9100151225,29.1560454699
Yenimahalle,Halkalı - Gebze Marmaray Yüzeysel Raylı Sistem Hattı,Banliyö,40.9817327416,28.8810549364
Alibeyköy,M7 Yıldız - Mahmutbey Metro Hattı,Metro,41.0791146521,28.9496326544
Başak,Halkalı - Gebze Marmaray Yüzeysel Raylı Sistem Hattı,Banliyö,40.8905590783,29.1773527137
Eminönü,T1 Kabataş - Bağcılar Tramvay Hattı,Tramvay,41.0174751806,28.9732136953
Topçular,T4 Topkapı - Mescid-i Selam Tramvay Hattı,Tramvay,41.0416185494,28.9195379435
Bahçelievler,M1A Yenikapı - Atatürk Havalimanı Metro Hattı,Metro,40.9953514712,28.8630701218
Terazidere,M1A Yenikapı - Atatürk Havalimanı Metro Hattı,Metro,41.0303299066,28.8979561956
İskele,T3 Kadıköy - Moda Nostaljik Tramvay Hattı,Tramvay,40.9908757898,29.0234841795
Sağmalcılar,M1A Yenikapı - Atatürk Havalimanı Metro Hattı,Metro,41.040852645,28.9072392503
50.Yıl,T4 Topkapı - Mescid-i Selam Tramvay Hattı,Tramvay,41.0879075061,28.8667654908
Sanayi Mah.,M2 Yenikapı Seyrantepe - Hacıosman Metro Hattı,Metro,41.0943010952,29.0055310949
Sarıgazi,M5 Çekmeköy-Sultanbeyli Metro Hattı Uzatması,Metro,41.010138601,29.2120882819
Mevlana,M8 Bostancı - Dudullu Metro Hattı,Metro,40.992156465,29.1533571204
Fulya,M7 Yıldız - Mahmutbey Metro Hattı,Metro,41.0619944468,29.0074130115
Beşiktaş,M7 (U2) Kabataş - Mecidiyeköy Metro Hattı,Metro,41.0434905571,29.0074506142
Yıldız,M7 Yıldız - Mahmutbey Metro Hattı,Metro,41.054110438,29.0096778157
Esenyurt Meydanı,M7 (U4) Mahmutbey - Bahçeşehir- Esenyurt Metro Hattı,Metro,41.0349647043,28.6793243504
Seyrantepe,M2 Yenikapı Seyrantepe - Hacıosman Metro Hattı,Metro,41.1011134287,28.9960969818
Akıncılar,T1 Kabataş - Bağcılar Tramvay Hattı,Tramvay,41.0173348574,28.8710345188
Ayvansaray,T5 Eminönü - Alibeyköy Cep Otogarı Tramvay Hattı,Tramvay,41.03956207,28.9439490435
Eyüpsultan Devlet Hastanesi,T5 Eminönü - Alibeyköy Cep Otogarı Tramvay Hattı,Tramvay,41.056729923,28.9411189488
Silahtarağa Mahallesi,T5 Eminönü - Alibeyköy Cep Otogarı Tramvay Hattı,Tramvay,41.0647767596,28.9428944835
Karaköy,F2 Karaköy - Beyoğlu Tünel Füniküler Hattı,Füniküler,41.0227730939,28.9740377459
Tünel,F2 Karaköy - Beyoğlu Tünel Füniküler Hattı,Füniküler,41.0284213663,28.9740491197
İkitelli Sanayi,M9 Bahariye - Olimpiyat Metro Hattı,Metro,41.0723497502,28.802129563
Çayırova,Halkalı - Gebze Marmaray Yüzeysel Raylı Sistem Hattı,Banliyö,40.8103767335,29.3474462443
Fatih,Halkalı - Gebze Marmaray Yüzeysel Raylı Sistem Hattı,Banliyö,40.8075100987,29.3638554302
Osmangazi,Halkalı - Gebze Marmaray Yüzeysel Raylı Sistem Hattı,Banliyö,40.799227689,29.3800379757
Darıca,Halkalı - Gebze Marmaray Yüzeysel Raylı Sistem Hattı,Banliyö,40.7913449435,29.3919754761
Gebze,Halkalı - Gebze Marmaray Yüzeysel Raylı Sistem Hattı,Banliyö,40.7840644551,29.409965741
Pier Loti,TF2 Eyüp - Pier Loti Teleferik Hattı,Teleferik,41.0540348217,28.932979553
Eyüp,TF2 Eyüp - Pier Loti Teleferik Hattı,Teleferik,41.0500152491,28.9340681863
Maçka,TF1 Maçka - Taşkışla Teleferik Hattı,Teleferik,41.044737154,28.9939499162
Taşkışla,TF1 Maçka - Taşkışla Teleferik Hattı,Teleferik,41.0436318448,28.9905733691
Hasdal,M11 Gayrettepe - İstanbul Havalimanı Metro Hattı,Metro,41.1212997004,28.9468463059
Yeni Havalimanı - 2,M11 Gayrettepe - İstanbul Havalimanı Metro Hattı,Metro,41.2564077956,28.7685326311
Yeni Havalimanı - 3,M11 Gayrettepe - İstanbul Havalimanı Metro Hattı,Metro,41.2554334556,28.7127665942
Yeni Havalimanı - 1,M11 Gayrettepe - İstanbul Havalimanı Metro Hattı,Metro,41.2559358205,28.7426387571
Göktürk,M11 Gayrettepe - İstanbul Havalimanı Metro Hattı,Metro,41.1769563911,28.8836670921
İhsaniye,M11 Gayrettepe - İstanbul Havalimanı Metro Hattı,Metro,41.2429601376,28.8089292147
Kemerburgaz,M11 Gayrettepe - İstanbul Havalimanı Metro Hattı,Metro,41.1591296952,28.910227377
Kağıthane,M11 Gayrettepe - İstanbul Havalimanı Metro Hattı,Metro,41.0801645224,28.9763643256
Rumeli Hisarüstü,F4 Rumeli Hisarüstü - Aşiyan Füniküler Hattı,Füniküler,41.0849124744,29.0461832253
Aşiyan,F4 Rumeli Hisarüstü - Aşiyan Füniküler Hattı,Füniküler,41.0813857171,29.0536539042
Atatürk Mahallesi,M9 (U1) Ataköy -  Bahariye Hattı,Metro,41.0521039707,28.7987700317
Kaynarca Merkez,"M10 Pendik - SGH Metro Hattı, Pendik - Fevzi Çakmak Etabı",Metro,40.8790971867,29.2607292243
Pendik,"M10 Pendik - SGH Metro Hattı, Pendik - Fevzi Çakmak Etabı",Metro,40.8807839988,29.231243344
Gayrettepe,M11 Gayrettepe - İstanbul Havalimanı Metro Hattı,Metro,41.0671898751,29.0109068179
Veysel Karani,M5 Çekmeköy-Sultanbeyli Metro Hattı Uzatması,Metro,40.9689823866,29.2399332527
Sancaktepe Şehir Hastanesi,M5 Çekmeköy-Sultanbeyli Metro Hattı Uzatması,Metro,41.0009067942,29.2175514237
Sultanbeyli,M5 Çekmeköy-Sultanbeyli Metro Hattı Uzatması,Metro,40.9660720865,29.2724939011
Hasanpaşa,M5 Çekmeköy-Sultanbeyli Metro Hattı Uzatması,Metro,40.9686747563,29.2549242235
Sancaktepe,M5 Çekmeköy-Sultanbeyli Metro Hattı Uzatması,Metro,40.9914198992,29.2292423995
Meclis,M5 Çekmeköy-Sultanbeyli Metro Hattı Uzatması,Metro,41.0096652612,29.1988611401
Samandıra Merkez,M5 Çekmeköy-Sultanbeyli Metro Hattı Uzatması,Metro,40.983759202,29.2314617555
Kaynarca Merkez,M4 Tavşantepe - Tuzla Metro Hattı Uzatması,Metro,40.8787134664,29.2612487039
Esenyalı,M4 Tavşantepe - Tuzla Metro Hattı Uzatması,Metro,40.8638118705,29.2955767835
Çamçeşme,M4 Tavşantepe - Tuzla Metro Hattı Uzatması,Metro,40.8787899886,29.2735045597
Kavakpınar,M4 Tavşantepe - Tuzla Metro Hattı Uzatması,Metro,40.875958607,29.2847349537
Aydıntepe,M4 Tavşantepe - Tuzla Metro Hattı Uzatması,Metro,40.8578528405,29.2928542239
İçmeler,M4 Tavşantepe - Tuzla Metro Hattı Uzatması,Metro,40.8450693106,29.2996849242
Sabiha Gökçen,M4 Kadıköy - SGH Metro Hattı,Metro,40.9065447646,29.3114239088
Kurtköy,M4 Kadıköy - SGH Metro Hattı,Metro,40.9101335948,29.2962830984
Yayalar - Şeyhli,M4 Kadıköy - SGH Metro Hattı,Metro,40.9037407838,29.2751192864
Fevzi Çakmak - Hastane,M4 Kadıköy - SGH Metro Hattı,Metro,40.8886417085,29.2624037531
İmes,M8 Bostancı - Dudullu Metro Hattı,Metro,41.0001481272,29.1562117564
Parseller,M8 Bostancı - Dudullu Metro Hattı,Metro,41.0312433529,29.1526674022
Huzur,M8 Bostancı - Dudullu Metro Hattı,Metro,41.0226344203,29.1595514004
Haznedar,M3 Kirazlı-Bakırköy İDO Metro Hattı Uzatması,Metro,41.0046548513,28.8717193568
Malazgirt,M1B (U2) Kirazlı - Halkalı Metro Hattı,Metro,41.0221022649,28.828203805
Barbaros,M1B (U2) Kirazlı - Halkalı Metro Hattı,Metro,41.0235201646,28.8365597523
Molla Gürani,M3 Kirazlı-Bakırköy İDO Metro Hattı Uzatması,Metro,41.0260454587,28.8478882573
Yıldıztepe,M3 Kirazlı-Bakırköy İDO Metro Hattı Uzatması,Metro,41.0193911133,28.8578448457
Fatih,M1B (U2) Kirazlı - Halkalı Metro Hattı,Metro,41.0284958617,28.8027818409
İncirli,M3 Kirazlı-Bakırköy İDO Metro Hattı Uzatması,Metro,40.997791003,28.874947155
Özgürlük Meydanı,M3 Kirazlı-Bakırköy İDO Metro Hattı Uzatması,Metro,40.9817353367,28.8740634973
Küçükpazar,T5 Eminönü - Alibeyköy Cep Otogarı Tramvay Hattı,Tramvay,41.0209082584,28.9633072364
Masko,M9 Bahariye - Olimpiyat Metro Hattı,Metro,41.0640636378,28.8039976708
15 Temmuz,M9 (U1) Ataköy -  Bahariye Hattı,Metro,41.036903864,28.8141344326
Çobançeşme - Kuyumcukent,M9 (U1) Ataköy -  Bahariye Hattı,Metro,40.9992732598,28.8226568462
Halkalı Caddesi,M9 (U1) Ataköy -  Bahariye Hattı,Metro,41.0449675987,28.80672735
Doğu Sanayi,M9 (U1) Ataköy -  Bahariye Hattı,Metro,41.0150158062,28.8179826163
Mimar Sinan,M9 (U1) Ataköy -  Bahariye Hattı,Metro,41.0251024172,28.8165137276
Yenibosna,M9 (U1) Ataköy -  Bahariye Hattı,Metro,40.9892636065,28.8380437874
Ataköy,M9 (U1) Ataköy -  Bahariye Hattı,Metro,40.979913638,28.8562110538
İhlas Yuva,M9 (U1) Ataköy -  Bahariye Hattı,Metro,41.0061906335,28.8186252974
İçerenköy,M8 Bostancı - Dudullu Metro Hattı,Metro,40.9789845394,29.126424906
Kozyatağı,M8 Bostancı - Dudullu Metro Hattı,Metro,40.9775015583,29.0999002371
Ayşe Kadın,M8 Bostancı - Dudullu Metro Hattı,Metro,40.9667774717,29.0867181509
Bostancı,M8 Bostancı - Dudullu Metro Hattı,Metro,40.9509636456,29.0977225047
Emin Ali Paşa,M8 Bostancı - Dudullu Metro Hattı,Metro,40.9605472642,29.0937084923
Kayışdağı,M8 Bostancı - Dudullu Metro Hattı,Metro,40.9846900159,29.1377306108
Dudullu,M8 Bostancı - Dudullu Metro Hattı,Metro,41.0152325915,29.1632870725
Küçükbakkalköy,M8 Bostancı - Dudullu Metro Hattı,Metro,40.9789184865,29.1117414468
Modoko - Keyap,M8 Bostancı - Dudullu Metro Hattı,Metro,41.0071876376,29.161855314
Kabataş,M7 (U2) Kabataş - Mecidiyeköy Metro Hattı,Metro,41.0335744205,28.9907500553
Atatürk Mahallesi,M7 (U3) Mahmutbey - Bahçeşehir- Esenyurt Metro Hattı,Metro,41.0518352309,28.7974872035
Ispartakule,M7 (U4) Mahmutbey - Bahçeşehir- Esenyurt Metro Hattı,Metro,41.0622487609,28.7093319731
Hastane,M7 (U3) Mahmutbey - Bahçeşehir- Esenyurt Metro Hattı,Metro,41.0561315069,28.7588533017
Tahtakale,M7 (U4) Mahmutbey - Bahçeşehir- Esenyurt Metro Hattı,Metro,41.0594321354,28.7259503944
Toplu Konut,M7 (U3) Mahmutbey - Bahçeşehir- Esenyurt Metro Hattı,Metro,41.0553154861,28.7862786379
Bahçeşehir,M7 (U4) Mahmutbey - Bahçeşehir- Esenyurt Metro Hattı,Metro,41.064085764,28.6835026611
Tema Park,M7 (U3) Mahmutbey - Bahçeşehir- Esenyurt Metro Hattı,Metro,41.05816462,28.7720939967
Ardıçlı,M7 (U4) Mahmutbey - Bahçeşehir- Esenyurt Metro Hattı,Metro,41.0443971342,28.6755757425
Esenkent,M7 (U4) Mahmutbey - Bahçeşehir- Esenyurt Metro Hattı,Metro,41.0567580416,28.67076459
Bakırköy İDO,M3 Kirazlı-Bakırköy İDO Metro Hattı Uzatması,Metro,40.9736222874,28.8680772574
İlkyuva,M3 Kirazlı-Bakırköy İDO Metro Hattı Uzatması,Metro,41.0116111624,28.8656490726
Halkalı,M1B (U2) Kirazlı - Halkalı Metro Hattı,Metro,41.0176638112,28.7677107296
Eminönü,T5 Eminönü - Alibeyköy Cep Otogarı Tramvay Hattı,Tramvay,41.0182506722,28.9700504844
Halkalı,M11 Halkalı - İstanbul Havalimanı Metro Hattı,Metro,41.0202512735,28.7681738903
Mehmet Akif Ersoy,M1B (U2) Kirazlı - Halkalı Metro Hattı,Metro,41.0338987921,28.7800124525
Tema Park,Halkalı - Arnavutköy - Yeni Havalimanı Metro Hattı,Metro,41.0565824441,28.7747473321
Kayaşehir Merkez,M11 Halkalı - İstanbul Havalimanı Metro Hattı,Metro,41.1174078016,28.7657137663
Bezirganbahçe,M1B (U2) Kirazlı - Halkalı Metro Hattı,Metro,41.0256154131,28.767777836
Olimpiyat,M11 Halkalı - İstanbul Havalimanı Metro Hattı,Metro,41.0779951936,28.7697519201
Halkalı - Üniversite,M1B (U2) Kirazlı - Halkalı Metro Hattı,Metro,41.0346806674,28.7896032792
Yenidoğan,M1B (U2) Kirazlı - Halkalı Metro Hattı,Metro,41.0330831515,28.7710927915
Fenertepe,M11 Halkalı - İstanbul Havalimanı Metro Hattı,Metro,41.1394899577,28.7951065961
Arnavutköy -2,M11 Halkalı - İstanbul Havalimanı Metro Hattı,Metro,41.2069599862,28.7159766816
Arnavutköy - 1,M11 Halkalı - İstanbul Havalimanı Metro Hattı,Metro,41.1791811595,28.7464186818
Mimar Sinan,M1B (U2) Kirazlı - Halkalı Metro Hattı,Metro,41.0250630721,28.8165798652
Onurkent,M3 Kirazlı - Kayaşehir Merkez Metro Hattı,Metro,41.1133556519,28.7904528718
Şehir Hastanesi,M3 Kirazlı - Kayaşehir Merkez Metro Hattı,Metro,41.103310128,28.7778792943
Toplu Konutlar,M3 Kirazlı - Kayaşehir Merkez Metro Hattı,Metro,41.1073954459,28.7678710416
Kayaşehir Merkez,M3 Kirazlı - Kayaşehir Merkez Metro Hattı,Metro,41.1195507427,28.7665088663
Göztepe 60. Yıl Parkı,M12 Göztepe-Ümraniye Metro Hattı,Metro,40.9696400909,29.0566476314
Çarşı,M12 Göztepe-Ümraniye Metro Hattı,Metro,41.026945029,29.0969701242
Atakent,M12 Göztepe-Ümraniye Metro Hattı,Metro,41.0160294361,29.1018263781
Yeni Sahra,M12 Göztepe-Ümraniye Metro Hattı,Metro,40.9849381944,29.0921391422
Finans Merkezi,M12 Göztepe-Ümraniye Metro Hattı,Metro,40.9993002306,29.1108510159
Sahrayıcedit,M12 Göztepe-Ümraniye Metro Hattı,Metro,40.9799539217,29.077135021
SBÜ Hastanesi,M12 Göztepe-Ümraniye Metro Hattı,Metro,41.0305156614,29.1019676058
Site,M12 Göztepe-Ümraniye Metro Hattı,Metro,41.0083402239,29.1129046309
Ataşehir,M12 Göztepe-Ümraniye Metro Hattı,Metro,40.9906374128,29.104065695
Göztepe,M12 Göztepe-Ümraniye Metro Hattı,Metro,40.9783502001,29.0662896028
Kazım Karabekir,M12 Göztepe-Ümraniye Metro Hattı,Metro,41.0427284001,29.0987977614
Bölge Parkı,M7 (U3) Mahmutbey - Bahçeşehir- Esenyurt Metro Hattı,Metro,41.0560767788,28.8136035851
Feshane,T5 Eminönü - Alibeyköy Cep Otogarı Tramvay Hattı,Tramvay,41.0455174821,28.9379603124
